epoch,loss,val_loss
0,-426.1422119140625,-520.63330078125
1,-508.5184631347656,-620.4888305664062
2,-658.6437377929688,-807.4732666015625
3,-938.7872924804688,-1155.7471923828125
4,-1448.2415771484375,-1772.6844482421875
5,-2312.250244140625,-2785.477783203125
6,-3607.140380859375,-4123.77490234375
7,-4646.2197265625,-4834.29736328125
8,-4879.4716796875,-5087.353515625
9,-4989.20166015625,-5019.5146484375
10,-5154.99658203125,-5134.06640625
11,-5100.50341796875,-5163.95556640625
12,-5208.251953125,-5179.67236328125
13,-5052.041015625,-5098.03955078125
14,-5160.6748046875,-5155.3818359375
15,-5234.6435546875,-5254.7353515625
16,-5169.11279296875,-5231.4638671875
17,-5170.98291015625,-5169.09765625
18,-5181.31640625,-5172.60693359375
19,-5211.4150390625,-5242.552734375
20,-5203.9365234375,-5192.4287109375
21,-5244.25244140625,-5276.37890625
22,-5158.4423828125,-5176.0107421875
23,-5297.677734375,-5266.80859375
24,-5175.6171875,-5171.591796875
25,-5278.99169921875,-5208.9228515625
26,-5279.16064453125,-5298.1865234375
27,-5254.96044921875,-5280.591796875
28,-5355.24462890625,-5315.6396484375
29,-5136.677734375,-5140.76171875
30,-5194.6904296875,-5153.77587890625
31,-5288.35546875,-5298.20556640625
32,-5204.05078125,-5332.12841796875
33,-5316.20751953125,-5200.73779296875
34,-5166.61474609375,-5238.3876953125
35,-5302.19775390625,-5190.1494140625
36,-5082.1552734375,-5113.80419921875
37,-5263.1943359375,-5296.16015625
38,-5395.43896484375,-5333.23828125
39,-5389.19970703125,-5342.66845703125
40,-5411.5380859375,-5381.615234375
41,-5350.1376953125,-5338.7548828125
42,-5218.29638671875,-5219.17822265625
43,-5177.7216796875,-5231.08642578125
44,-5285.4560546875,-5256.35302734375
45,-5234.77783203125,-5179.34619140625
46,-5293.12841796875,-5274.79345703125
47,-5430.36376953125,-5386.88330078125
48,-5433.3701171875,-5401.47021484375
49,-5451.1015625,-5418.6484375
50,-5424.396484375,-5408.79150390625
51,-5480.927734375,-5454.5068359375
52,-5466.41015625,-5418.8681640625
53,-5491.9326171875,-5451.935546875
54,-5452.9345703125,-5436.271484375
55,-5498.52685546875,-5463.8359375
56,-5473.72900390625,-5448.423828125
57,-5206.56298828125,-5175.32373046875
58,-5301.5751953125,-5256.748046875
59,-5415.048828125,-5416.02197265625
60,-5465.5234375,-5457.177734375
61,-5533.921875,-5478.8125
62,-5509.58203125,-5465.7705078125
63,-5451.0087890625,-5437.35986328125
64,-5536.6845703125,-5481.8857421875
65,-5523.13916015625,-5485.45166015625
66,-5527.58349609375,-5485.8876953125
67,-5540.0556640625,-5475.5693359375
68,-5579.75,-5522.529296875
69,-5485.38623046875,-5497.84130859375
70,-5492.51513671875,-5442.75244140625
71,-5550.80517578125,-5523.251953125
72,-5521.748046875,-5506.826171875
73,-5454.14013671875,-5467.0927734375
74,-5559.58935546875,-5474.67138671875
75,-5481.30126953125,-5471.951171875
76,-5597.7939453125,-5500.9521484375
77,-5569.57470703125,-5537.6298828125
78,-5513.2216796875,-5500.734375
79,-5512.56103515625,-5492.0888671875
80,-5550.7666015625,-5508.37158203125
81,-5612.02880859375,-5548.875
82,-5616.26318359375,-5534.5029296875
83,-5572.02197265625,-5534.27099609375
84,-5561.6103515625,-5507.91259765625
85,-5619.46044921875,-5577.66650390625
86,-5611.88525390625,-5544.50048828125
87,-5618.6640625,-5560.302734375
88,-5444.2021484375,-5459.56787109375
89,-5628.44580078125,-5546.3828125
90,-5612.8349609375,-5547.33447265625
91,-5545.478515625,-5503.25341796875
92,-5625.0859375,-5573.2392578125
93,-5580.97265625,-5536.3818359375
94,-5583.853515625,-5551.9267578125
95,-5618.41748046875,-5549.333984375
96,-5575.3828125,-5537.6181640625
97,-5646.05126953125,-5557.3388671875
98,-5611.275390625,-5575.42626953125
99,-5583.0810546875,-5569.5517578125
100,-5629.80517578125,-5562.15771484375
101,-5652.29150390625,-5603.44970703125
102,-5552.60009765625,-5502.56005859375
103,-5650.9892578125,-5605.79443359375
104,-5641.0791015625,-5601.27099609375
105,-5670.1376953125,-5594.52880859375
106,-5660.75048828125,-5585.529296875
107,-5670.82275390625,-5620.3544921875
108,-5652.49560546875,-5599.16162109375
109,-5684.3056640625,-5598.86669921875
110,-5641.95458984375,-5588.16845703125
111,-5623.4306640625,-5624.0537109375
112,-5661.70166015625,-5568.427734375
113,-5641.93115234375,-5592.8203125
114,-5671.73779296875,-5603.16357421875
115,-5654.1064453125,-5612.89794921875
116,-5713.412109375,-5643.955078125
117,-5709.171875,-5627.75390625
118,-5682.20361328125,-5631.12744140625
119,-5650.97314453125,-5595.5146484375
120,-5682.6298828125,-5627.5322265625
121,-5686.8056640625,-5605.38037109375
122,-5673.77685546875,-5636.25927734375
123,-5692.69921875,-5620.2548828125
124,-5713.09716796875,-5636.771484375
125,-5726.1630859375,-5653.69287109375
126,-5712.35595703125,-5631.5498046875
127,-5760.2021484375,-5672.45556640625
128,-5706.57177734375,-5660.0126953125
129,-5662.73876953125,-5641.302734375
130,-5737.4873046875,-5676.52685546875
131,-5656.67529296875,-5625.15234375
132,-5721.9208984375,-5644.83642578125
133,-5713.38623046875,-5662.7314453125
134,-5768.208984375,-5668.52197265625
135,-5721.80517578125,-5679.20361328125
136,-5745.67578125,-5663.82373046875
137,-5801.13720703125,-5705.0302734375
138,-5761.80908203125,-5696.7451171875
139,-5731.11279296875,-5690.46044921875
140,-5768.5341796875,-5674.08349609375
141,-5769.8046875,-5715.736328125
142,-5736.48974609375,-5667.404296875
143,-5762.0302734375,-5698.72900390625
144,-5750.24365234375,-5662.04736328125
145,-5772.21630859375,-5692.0673828125
146,-5746.126953125,-5689.41259765625
147,-5753.01318359375,-5679.45263671875
148,-5786.19580078125,-5720.72314453125
149,-5747.23046875,-5697.51171875
150,-5800.92724609375,-5728.8984375
151,-5801.95263671875,-5729.35693359375
152,-5801.5986328125,-5711.1904296875
153,-5769.21630859375,-5698.30322265625
154,-5818.751953125,-5742.5126953125
155,-5697.04638671875,-5651.7626953125
156,-5801.37353515625,-5743.59619140625
157,-5805.6796875,-5715.8486328125
158,-5821.7255859375,-5731.46484375
159,-5822.32080078125,-5751.32177734375
160,-5833.9228515625,-5729.90283203125
161,-5817.29345703125,-5726.08056640625
162,-5826.5615234375,-5735.017578125
163,-5866.35986328125,-5750.7451171875
164,-5779.55126953125,-5710.634765625
165,-5813.64453125,-5741.95166015625
166,-5863.1865234375,-5764.1796875
167,-5867.8828125,-5757.52978515625
168,-5798.73974609375,-5739.966796875
169,-5856.837890625,-5779.32421875
170,-5838.75830078125,-5723.98486328125
171,-5845.76708984375,-5770.5517578125
172,-5833.62255859375,-5739.70947265625
173,-5857.02783203125,-5790.248046875
174,-5840.15234375,-5749.7802734375
175,-5906.2724609375,-5783.205078125
176,-5812.189453125,-5731.419921875
177,-5846.3603515625,-5770.5537109375
178,-5875.4501953125,-5763.59326171875
179,-5885.81591796875,-5800.28564453125
180,-5852.029296875,-5751.9013671875
181,-5884.4501953125,-5814.458984375
182,-5897.60302734375,-5782.1318359375
183,-5909.39501953125,-5804.58447265625
184,-5883.5087890625,-5816.5576171875
185,-5895.48779296875,-5799.91650390625
186,-5904.7080078125,-5821.958984375
187,-5862.4599609375,-5778.20947265625
188,-5890.380859375,-5796.7451171875
189,-5870.509765625,-5769.6943359375
190,-5923.06787109375,-5826.9306640625
191,-5952.9482421875,-5825.14697265625
192,-5933.904296875,-5810.6875
193,-5875.5390625,-5803.244140625
194,-5922.888671875,-5808.609375
195,-5904.14306640625,-5805.19140625
196,-5908.2607421875,-5830.59619140625
197,-5938.59228515625,-5832.55419921875
198,-5910.14208984375,-5814.64306640625
199,-5941.03857421875,-5847.81591796875
200,-5928.50537109375,-5836.408203125
201,-5929.12451171875,-5849.60595703125
202,-5971.28369140625,-5855.67919921875
203,-5945.71484375,-5837.26513671875
204,-5955.0859375,-5842.8505859375
205,-5941.908203125,-5846.21142578125
206,-5948.85400390625,-5834.91943359375
207,-5978.9619140625,-5866.53955078125
208,-5959.3544921875,-5866.55712890625
209,-6002.46142578125,-5880.03076171875
210,-5941.94091796875,-5842.5087890625
211,-5937.255859375,-5867.1103515625
212,-5977.56640625,-5865.53173828125
213,-5967.00341796875,-5862.9619140625
214,-5923.23388671875,-5807.58642578125
215,-5984.88720703125,-5897.08642578125
216,-5986.1953125,-5873.935546875
217,-5977.3916015625,-5830.109375
218,-5973.52490234375,-5876.46728515625
219,-6004.03955078125,-5899.6259765625
220,-6002.47900390625,-5897.5703125
221,-6004.986328125,-5898.65576171875
222,-6018.24072265625,-5868.3388671875
223,-5997.453125,-5899.31494140625
224,-6025.39306640625,-5888.00634765625
225,-5998.00927734375,-5907.32958984375
226,-5988.89990234375,-5875.52587890625
227,-5993.5087890625,-5872.01416015625
228,-6030.78759765625,-5923.3564453125
229,-6047.40283203125,-5916.12890625
230,-6013.38720703125,-5927.58251953125
231,-6017.3974609375,-5891.52587890625
232,-6040.9833984375,-5920.60498046875
233,-6037.703125,-5906.0205078125
234,-6052.90087890625,-5929.109375
235,-6016.50341796875,-5917.263671875
236,-6042.9453125,-5940.6572265625
237,-6018.6640625,-5918.4697265625
238,-6045.6787109375,-5944.7060546875
239,-6049.26123046875,-5920.8203125
240,-6059.7939453125,-5916.1845703125
241,-6060.271484375,-5945.6796875
242,-6109.65185546875,-5941.71533203125
243,-6057.90087890625,-5961.5634765625
244,-6046.41162109375,-5915.02197265625
245,-6056.37939453125,-5941.55908203125
246,-6077.69970703125,-5919.7451171875
247,-6032.859375,-5951.45361328125
248,-6056.1611328125,-5928.2294921875
249,-6073.8251953125,-5953.64697265625
250,-6064.23681640625,-5933.91455078125
251,-6059.50927734375,-5960.4228515625
252,-6093.650390625,-5964.50341796875
253,-6101.857421875,-5946.35888671875
254,-6087.2099609375,-5972.89697265625
255,-6065.72412109375,-5931.15087890625
256,-6068.408203125,-5939.017578125
257,-6054.35888671875,-5938.62841796875
258,-6109.63037109375,-5985.76220703125
259,-6094.86474609375,-5952.3740234375
260,-6076.1884765625,-5947.4423828125
261,-6065.2841796875,-5943.21240234375
262,-6109.7568359375,-5964.49755859375
263,-6109.16259765625,-5980.654296875
264,-6089.88134765625,-5965.125
265,-6108.9111328125,-5976.46630859375
266,-6121.34130859375,-5993.23193359375
267,-6105.4453125,-5959.3310546875
268,-6102.84619140625,-5985.48828125
269,-6108.46142578125,-5964.470703125
270,-6080.72216796875,-5965.58544921875
271,-6132.44189453125,-5997.1796875
272,-6108.51806640625,-5966.14794921875
273,-6138.6123046875,-6005.34228515625
274,-6138.9375,-5980.60498046875
275,-6143.3408203125,-5999.7138671875
276,-6138.40966796875,-6000.9169921875
277,-6128.12255859375,-6006.97265625
278,-6154.30419921875,-5991.154296875
279,-6120.1123046875,-6011.9443359375
280,-6140.50146484375,-6004.3564453125
281,-6142.17236328125,-6016.41650390625
282,-6134.73388671875,-5976.13720703125
283,-6157.08935546875,-5984.5703125
284,-6142.7470703125,-6021.47900390625
285,-6152.185546875,-6011.14794921875
286,-6148.21533203125,-6009.93798828125
287,-6158.58544921875,-6030.6376953125
288,-6151.5166015625,-6007.70458984375
289,-6140.69091796875,-6017.5478515625
290,-6170.39013671875,-6021.90771484375
291,-6126.20166015625,-6008.2578125
292,-6185.26806640625,-6030.107421875
293,-6151.603515625,-6014.21533203125
294,-6123.7900390625,-5940.40966796875
295,-6131.923828125,-6035.47998046875
296,-6126.8330078125,-6014.755859375
297,-6150.92138671875,-6021.34765625
298,-6171.447265625,-6021.8818359375
299,-6177.0009765625,-6051.2763671875
300,-6160.2548828125,-5997.77880859375
301,-6175.70263671875,-6024.38330078125
302,-6168.1748046875,-6030.77490234375
303,-6193.0224609375,-6051.029296875
304,-6199.294921875,-6048.021484375
305,-6172.9248046875,-6047.947265625
306,-6170.99951171875,-6036.74951171875
307,-6189.47802734375,-6054.4072265625
308,-6179.751953125,-6029.1455078125
309,-6215.03564453125,-6013.7734375
310,-6188.42919921875,-6042.85986328125
311,-6191.80029296875,-6069.0380859375
312,-6178.52685546875,-6022.52685546875
313,-6193.51513671875,-6051.201171875
314,-6212.66259765625,-6055.6279296875
315,-6177.94091796875,-6021.65966796875
316,-6183.96728515625,-6036.6064453125
317,-6198.9404296875,-6057.4501953125
318,-6192.88623046875,-6046.40576171875
319,-6195.9814453125,-6062.37158203125
320,-6199.43701171875,-6056.6923828125
321,-6219.62548828125,-6046.6748046875
322,-6206.43359375,-6054.52392578125
323,-6211.7294921875,-6055.1259765625
324,-6249.04150390625,-6072.5693359375
325,-6211.37548828125,-6052.8232421875
326,-6197.19970703125,-6078.67041015625
327,-6191.9296875,-6033.39599609375
328,-6236.1826171875,-6075.52880859375
329,-6213.556640625,-6066.921875
330,-6225.01904296875,-6062.93359375
331,-6217.75390625,-6019.67578125
332,-6216.240234375,-6059.21484375
333,-6216.51708984375,-6053.20458984375
334,-6215.923828125,-6078.2197265625
335,-6218.7685546875,-6059.72607421875
336,-6258.248046875,-6086.3046875
337,-6211.1572265625,-6041.35400390625
338,-6241.68310546875,-6095.10791015625
339,-6220.55810546875,-6070.5068359375
340,-6243.46875,-6054.02001953125
341,-6203.4541015625,-6082.8701171875
342,-6248.74853515625,-6065.20361328125
343,-6246.1376953125,-6097.60986328125
344,-6250.10009765625,-6079.32861328125
345,-6232.08056640625,-6096.99462890625
346,-6236.529296875,-6083.51416015625
347,-6233.51416015625,-6108.466796875
348,-6260.6982421875,-6080.14794921875
349,-6240.6015625,-6053.19873046875
350,-6244.734375,-6104.1171875
351,-6232.90673828125,-6056.18212890625
352,-6250.47705078125,-6094.48583984375
353,-6246.33837890625,-6088.77490234375
354,-6247.5390625,-6088.92626953125
355,-6250.3935546875,-6057.47314453125
356,-6263.37255859375,-6106.53662109375
357,-6250.244140625,-6101.435546875
358,-6251.48388671875,-6086.6142578125
359,-6258.5087890625,-6077.9189453125
360,-6260.72607421875,-6111.29248046875
361,-6267.7099609375,-6096.62158203125
362,-6270.74072265625,-6095.90673828125
363,-6243.31689453125,-6074.916015625
364,-6261.2529296875,-6088.11328125
365,-6269.97412109375,-6108.90869140625
366,-6280.8115234375,-6083.607421875
367,-6274.84716796875,-6115.84716796875
368,-6266.0419921875,-6102.10498046875
369,-6271.21875,-6097.703125
370,-6278.71923828125,-6111.869140625
371,-6271.8427734375,-6051.34228515625
372,-6264.1689453125,-6122.0673828125
373,-6295.56494140625,-6094.53857421875
374,-6268.1962890625,-6082.22216796875
375,-6290.42138671875,-6122.62548828125
376,-6264.36669921875,-6088.76806640625
377,-6255.63427734375,-6099.064453125
378,-6294.97607421875,-6109.181640625
379,-6269.53125,-6107.21630859375
380,-6301.90673828125,-6107.8720703125
381,-6272.9384765625,-6106.0068359375
382,-6251.82861328125,-6100.6103515625
383,-6265.484375,-6092.0361328125
384,-6295.66455078125,-6098.3798828125
385,-6275.9697265625,-6120.369140625
386,-6313.61572265625,-6112.123046875
387,-6271.06591796875,-6107.63427734375
388,-6293.1162109375,-6098.6923828125
389,-6283.58984375,-6107.03759765625
390,-6286.20068359375,-6118.0537109375
391,-6307.9736328125,-6139.6279296875
392,-6296.40087890625,-6101.97216796875
393,-6284.58056640625,-6104.56884765625
394,-6305.85107421875,-6131.40771484375
395,-6294.392578125,-6123.14501953125
396,-6305.390625,-6117.8173828125
397,-6322.71728515625,-6128.5537109375
398,-6297.68017578125,-6121.8154296875
399,-6296.22802734375,-6100.47900390625
400,-6305.015625,-6116.318359375
401,-6311.93359375,-6120.697265625
402,-6320.16259765625,-6125.54443359375
403,-6326.38232421875,-6144.0419921875
404,-6313.34375,-6111.552734375
405,-6321.4619140625,-6129.310546875
406,-6314.16015625,-6076.7880859375
407,-6291.77294921875,-6138.77294921875
408,-6284.8544921875,-6129.72705078125
409,-6320.7626953125,-6100.52734375
410,-6311.1572265625,-6108.6669921875
411,-6294.9638671875,-6116.06884765625
412,-6334.4384765625,-6139.11328125
413,-6330.38916015625,-6100.70361328125
414,-6301.36962890625,-6105.8701171875
415,-6312.626953125,-6129.35595703125
416,-6314.892578125,-6132.4638671875
417,-6332.31689453125,-6136.05615234375
418,-6326.32958984375,-6116.26806640625
419,-6308.5634765625,-6124.62841796875
420,-6344.0830078125,-6133.041015625
421,-6327.78515625,-6095.52685546875
422,-6301.474609375,-6129.951171875
423,-6308.21044921875,-6134.740234375
424,-6322.3896484375,-6116.45361328125
425,-6330.98291015625,-6125.32177734375
426,-6334.40869140625,-6124.119140625
427,-6333.3916015625,-6125.625
428,-6329.48583984375,-6151.27685546875
429,-6336.2744140625,-6112.56640625
430,-6334.478515625,-6126.8505859375
431,-6307.18408203125,-6134.89111328125
432,-6311.94384765625,-6143.76904296875
433,-6353.7919921875,-6130.42919921875
434,-6351.5634765625,-6139.4248046875
435,-6343.25244140625,-6130.02783203125
436,-6336.50048828125,-6114.35400390625
437,-6344.0908203125,-6138.90087890625
438,-6329.8740234375,-6133.00341796875
439,-6349.56884765625,-6131.9736328125
440,-6335.57666015625,-6141.6015625
441,-6321.8876953125,-6130.34716796875
442,-6345.359375,-6128.84326171875
443,-6336.802734375,-6144.85498046875
444,-6342.31494140625,-6121.9423828125
445,-6336.63916015625,-6155.697265625
446,-6357.912109375,-6122.853515625
447,-6341.412109375,-6162.779296875
448,-6336.60546875,-6129.55029296875
449,-6349.74072265625,-6143.7587890625
450,-6353.84912109375,-6142.439453125
451,-6352.783203125,-6129.59326171875
452,-6350.92529296875,-6112.24365234375
453,-6340.56787109375,-6143.92529296875
454,-6339.4462890625,-6146.37841796875
455,-6372.34033203125,-6130.28466796875
456,-6356.330078125,-6133.33935546875
457,-6325.0546875,-6136.3095703125
458,-6357.59619140625,-6142.6220703125
459,-6369.73974609375,-6131.39013671875
460,-6337.8740234375,-6136.46923828125
461,-6319.23486328125,-6152.0107421875
462,-6348.0703125,-6127.47607421875
463,-6352.34423828125,-6146.14794921875
464,-6357.17529296875,-6121.880859375
465,-6361.1259765625,-6152.00927734375
466,-6347.3173828125,-6146.40234375
467,-6377.56396484375,-6126.26806640625
468,-6334.4228515625,-6157.4853515625
469,-6357.98779296875,-6154.88330078125
470,-6367.71044921875,-6126.7138671875
471,-6361.46728515625,-6149.40771484375
472,-6360.36328125,-6151.95361328125
473,-6349.56982421875,-6102.828125
474,-6347.396484375,-6144.94140625
475,-6359.4208984375,-6153.154296875
476,-6393.9111328125,-6142.89697265625
477,-6347.33642578125,-6138.31640625
478,-6358.564453125,-6135.359375
479,-6366.82470703125,-6136.53759765625
480,-6358.1220703125,-6152.37255859375
481,-6337.49169921875,-6135.5
482,-6379.70068359375,-6162.71826171875
483,-6369.625,-6163.75244140625
484,-6336.4091796875,-6137.8095703125
485,-6333.841796875,-6096.05126953125
486,-6374.14990234375,-6162.01806640625
487,-6375.28515625,-6169.0595703125
488,-6331.58056640625,-6134.03515625
489,-6371.72607421875,-6152.67041015625
490,-6353.3681640625,-6152.81298828125
491,-6358.50537109375,-6158.7314453125
492,-6381.8076171875,-6155.16015625
493,-6369.91357421875,-6148.22119140625
494,-6381.6123046875,-6162.16357421875
495,-6363.25048828125,-6133.18408203125
496,-6370.53076171875,-6164.13671875
497,-6384.05810546875,-6170.82177734375
498,-6362.0390625,-6145.052734375
499,-6385.77392578125,-6158.814453125
500,-6371.2021484375,-6140.02197265625
501,-6358.90771484375,-6173.376953125
502,-6402.955078125,-6149.97900390625
503,-6376.9775390625,-6138.8095703125
504,-6376.248046875,-6152.4013671875
505,-6388.42041015625,-6176.37451171875
506,-6391.50830078125,-6148.4267578125
507,-6412.466796875,-6167.181640625
508,-6379.32177734375,-6160.22265625
509,-6392.55078125,-6153.8447265625
510,-6359.22900390625,-6134.130859375
511,-6379.755859375,-6169.23388671875
512,-6384.833984375,-6132.53369140625
513,-6375.361328125,-6146.69140625
514,-6379.8798828125,-6173.4443359375
515,-6402.0625,-6146.72900390625
516,-6399.11767578125,-6122.697265625
517,-6397.9169921875,-6161.6953125
518,-6382.94873046875,-6135.6298828125
519,-6404.1083984375,-6162.125
520,-6397.2412109375,-6141.31884765625
521,-6386.3076171875,-6174.83935546875
522,-6397.1328125,-6154.50048828125
523,-6396.59619140625,-6156.80712890625
524,-6407.5751953125,-6174.01904296875
525,-6420.20751953125,-6156.02197265625
526,-6418.7841796875,-6169.9580078125
527,-6396.818359375,-6162.0302734375
528,-6394.93212890625,-6153.97314453125
529,-6406.349609375,-6164.86865234375
530,-6415.55517578125,-6152.1748046875
531,-6389.00048828125,-6137.65087890625
532,-6374.51416015625,-6155.94384765625
533,-6402.126953125,-6173.09228515625
534,-6399.3837890625,-6167.3447265625
535,-6406.83544921875,-6161.78369140625
536,-6411.47021484375,-6142.30712890625
537,-6404.83154296875,-6148.77392578125
538,-6420.83984375,-6172.24072265625
539,-6403.09130859375,-6160.6669921875
540,-6421.56640625,-6169.1064453125
541,-6385.54638671875,-6163.24609375
542,-6413.548828125,-6157.4873046875
543,-6413.25927734375,-6144.05712890625
544,-6417.52490234375,-6165.77099609375
545,-6413.49755859375,-6167.9892578125
546,-6394.60400390625,-6171.38623046875
547,-6388.97705078125,-6171.16015625
548,-6411.1923828125,-6144.8095703125
549,-6414.75732421875,-6170.9052734375
550,-6413.21728515625,-6154.03369140625
551,-6409.31396484375,-6163.96923828125
552,-6414.95458984375,-6169.64013671875
553,-6408.22216796875,-6137.5556640625
554,-6395.04150390625,-6142.10302734375
555,-6422.58984375,-6182.5048828125
556,-6407.24609375,-6125.552734375
557,-6397.17333984375,-6173.048828125
558,-6406.9697265625,-6163.4697265625
559,-6420.0498046875,-6167.66943359375
560,-6410.7353515625,-6161.40771484375
561,-6415.48388671875,-6170.33544921875
562,-6420.3076171875,-6179.30712890625
563,-6399.5234375,-6157.64794921875
564,-6415.96142578125,-6130.94970703125
565,-6413.20166015625,-6170.408203125
566,-6417.56591796875,-6176.15673828125
567,-6406.96533203125,-6177.46630859375
568,-6406.4951171875,-6158.927734375
569,-6423.03271484375,-6182.03466796875
570,-6408.90966796875,-6121.73291015625
571,-6393.75439453125,-6154.9990234375
572,-6393.26220703125,-6167.6201171875
573,-6406.87353515625,-6163.552734375
574,-6410.53759765625,-6151.4580078125
575,-6427.68408203125,-6171.814453125
576,-6410.8203125,-6165.08154296875
577,-6419.07177734375,-6169.3603515625
578,-6428.13037109375,-6162.28173828125
579,-6424.27880859375,-6175.8037109375
580,-6428.81591796875,-6181.74755859375
581,-6423.7333984375,-6156.59814453125
582,-6430.9541015625,-6149.89501953125
583,-6430.677734375,-6167.9013671875
584,-6431.12060546875,-6167.89697265625
585,-6412.1044921875,-6168.7021484375
586,-6428.0498046875,-6153.52978515625
587,-6434.166015625,-6165.3095703125
588,-6445.1083984375,-6177.93701171875
589,-6426.16064453125,-6156.98583984375
590,-6436.15869140625,-6175.78955078125
591,-6421.30224609375,-6152.416015625
592,-6423.5888671875,-6179.6103515625
593,-6427.4580078125,-6168.57958984375
594,-6442.4609375,-6157.34228515625
595,-6429.00927734375,-6152.8037109375
596,-6411.95361328125,-6176.72216796875
597,-6391.49462890625,-6168.71142578125
598,-6407.77734375,-6137.7763671875
599,-6409.5859375,-6155.60888671875
600,-6418.18017578125,-6171.60693359375
601,-6447.91015625,-6176.759765625
602,-6433.2001953125,-6175.94287109375
603,-6415.21875,-6189.125
604,-6434.35595703125,-6158.427734375
605,-6415.49267578125,-6164.08447265625
606,-6437.10791015625,-6173.66455078125
607,-6442.33203125,-6177.2626953125
608,-6416.7783203125,-6152.0634765625
609,-6435.07470703125,-6172.748046875
610,-6461.21826171875,-6189.37890625
611,-6437.32568359375,-6171.93115234375
612,-6423.26025390625,-6145.1806640625
613,-6424.1552734375,-6167.60302734375
614,-6431.4072265625,-6186.28955078125
615,-6412.81103515625,-6165.6806640625
616,-6447.57080078125,-6178.7578125
617,-6434.52978515625,-6171.609375
618,-6433.0810546875,-6174.6572265625
619,-6418.32568359375,-6172.31201171875
620,-6431.265625,-6191.87890625
621,-6431.857421875,-6161.78515625
622,-6437.94775390625,-6176.1015625
623,-6443.36865234375,-6181.58447265625
624,-6448.42431640625,-6163.005859375
625,-6454.53271484375,-6178.583984375
626,-6440.66650390625,-6184.8134765625
627,-6473.37158203125,-6175.42578125
628,-6461.65185546875,-6190.1005859375
629,-6446.2919921875,-6162.40185546875
630,-6439.9560546875,-6166.5693359375
631,-6458.06494140625,-6188.5078125
632,-6458.00341796875,-6164.3369140625
633,-6440.7880859375,-6174.2294921875
634,-6436.3330078125,-6177.578125
635,-6442.05029296875,-6196.09814453125
636,-6430.42919921875,-6176.76806640625
637,-6434.95556640625,-6195.69677734375
638,-6430.34765625,-6163.865234375
639,-6428.2509765625,-6174.32177734375
640,-6452.421875,-6181.43798828125
641,-6447.70556640625,-6188.97216796875
642,-6420.27978515625,-6185.62109375
643,-6438.18017578125,-6185.7109375
644,-6455.87451171875,-6168.95166015625
645,-6453.80224609375,-6190.060546875
646,-6453.18798828125,-6180.4248046875
647,-6447.248046875,-6183.8896484375
648,-6449.939453125,-6167.54150390625
649,-6452.95068359375,-6187.96240234375
650,-6448.552734375,-6176.8837890625
651,-6448.86474609375,-6180.982421875
652,-6445.353515625,-6189.2197265625
653,-6453.5810546875,-6185.7626953125
654,-6464.33203125,-6176.59228515625
655,-6445.50390625,-6176.5546875
656,-6439.06201171875,-6158.85986328125
657,-6449.974609375,-6186.60595703125
658,-6441.9853515625,-6182.84326171875
659,-6463.25390625,-6190.58349609375
660,-6469.78955078125,-6182.119140625
661,-6435.8720703125,-6174.45458984375
662,-6451.7255859375,-6167.271484375
663,-6451.310546875,-6182.6376953125
664,-6451.216796875,-6190.3603515625
665,-6457.88671875,-6177.001953125
666,-6464.802734375,-6191.13623046875
667,-6451.74169921875,-6195.22412109375
668,-6459.54150390625,-6164.5498046875
669,-6471.9677734375,-6195.7392578125
670,-6462.64306640625,-6186.2080078125
671,-6451.970703125,-6185.751953125
672,-6469.6845703125,-6179.05029296875
673,-6454.04638671875,-6187.294921875
674,-6469.63427734375,-6181.3740234375
675,-6481.4453125,-6186.14794921875
676,-6470.23974609375,-6193.0673828125
677,-6455.94189453125,-6159.3447265625
678,-6452.57666015625,-6185.35009765625
679,-6463.0576171875,-6185.8310546875
680,-6470.98486328125,-6169.5556640625
681,-6445.44921875,-6194.82421875
682,-6469.5458984375,-6177.46630859375
683,-6463.56298828125,-6190.26220703125
684,-6468.11083984375,-6191.0390625
685,-6456.884765625,-6184.5546875
686,-6453.56005859375,-6166.40380859375
687,-6449.43505859375,-6180.92333984375
688,-6455.53857421875,-6181.0146484375
689,-6477.59375,-6189.86279296875
690,-6472.953125,-6177.74169921875
691,-6456.3935546875,-6161.55859375
692,-6477.86669921875,-6197.15576171875
693,-6463.515625,-6189.482421875
694,-6483.1162109375,-6150.29736328125
695,-6443.958984375,-6190.2939453125
696,-6475.9345703125,-6173.9169921875
697,-6454.81494140625,-6179.88623046875
698,-6470.50927734375,-6189.68408203125
699,-6469.87060546875,-6184.17138671875
700,-6467.326171875,-6164.27978515625
701,-6475.38720703125,-6191.6494140625
702,-6463.8310546875,-6173.6923828125
703,-6476.892578125,-6193.11279296875
704,-6435.22265625,-6187.50244140625
705,-6453.486328125,-6165.630859375
706,-6480.5869140625,-6188.27392578125
707,-6489.10595703125,-6197.36572265625
708,-6476.45654296875,-6177.45751953125
709,-6480.16748046875,-6187.572265625
710,-6459.8369140625,-6179.91162109375
711,-6479.18359375,-6197.22412109375
712,-6460.5556640625,-6193.45458984375
713,-6435.8564453125,-6158.55712890625
714,-6478.912109375,-6185.607421875
715,-6486.583984375,-6189.95947265625
716,-6467.5341796875,-6192.8154296875
717,-6456.2548828125,-6193.8486328125
718,-6476.94970703125,-6169.5830078125
719,-6495.3857421875,-6197.759765625
720,-6477.26611328125,-6187.4970703125
721,-6496.05810546875,-6187.03955078125
722,-6482.40966796875,-6169.2060546875
723,-6475.43798828125,-6186.31884765625
724,-6471.0859375,-6176.5146484375
725,-6475.5771484375,-6177.0439453125
726,-6469.6484375,-6187.88037109375
727,-6495.5244140625,-6196.939453125
728,-6464.7138671875,-6193.119140625
729,-6450.98388671875,-6176.28857421875
730,-6466.88330078125,-6155.673828125
731,-6467.05322265625,-6190.9482421875
732,-6457.72119140625,-6195.4951171875
733,-6481.25244140625,-6172.64306640625
734,-6489.9453125,-6196.76611328125
735,-6489.2880859375,-6185.1435546875
736,-6452.89501953125,-6194.31201171875
737,-6468.40869140625,-6188.3564453125
738,-6501.33251953125,-6187.83544921875
739,-6467.8466796875,-6191.3369140625
740,-6474.41552734375,-6199.4052734375
741,-6468.98291015625,-6162.1435546875
742,-6484.77978515625,-6191.35986328125
743,-6468.41015625,-6184.5615234375
744,-6479.03955078125,-6181.64013671875
745,-6487.5537109375,-6194.84912109375
746,-6466.2763671875,-6182.74755859375
747,-6491.33349609375,-6196.80859375
748,-6474.609375,-6183.69677734375
749,-6493.95556640625,-6191.115234375
750,-6492.55712890625,-6203.677734375
751,-6473.35791015625,-6191.24072265625
752,-6476.93603515625,-6184.59033203125
753,-6487.46630859375,-6184.326171875
754,-6488.55908203125,-6186.35009765625
755,-6481.7158203125,-6195.1904296875
756,-6471.06103515625,-6190.41943359375
757,-6474.48779296875,-6183.591796875
758,-6471.08056640625,-6193.7529296875
759,-6498.83642578125,-6195.54443359375
760,-6487.1650390625,-6193.7373046875
761,-6465.49755859375,-6171.68994140625
762,-6476.52294921875,-6199.177734375
763,-6479.0654296875,-6187.58984375
764,-6490.77685546875,-6184.66015625
765,-6478.8984375,-6190.54541015625
766,-6491.083984375,-6188.78369140625
767,-6475.3671875,-6196.60205078125
768,-6478.41357421875,-6187.5517578125
769,-6495.6796875,-6184.18994140625
770,-6492.55029296875,-6194.8642578125
771,-6487.9765625,-6187.85107421875
772,-6490.76904296875,-6177.41650390625
773,-6476.279296875,-6193.96826171875
774,-6501.1689453125,-6181.1962890625
775,-6498.802734375,-6187.98095703125
776,-6479.0673828125,-6201.37158203125
777,-6483.13232421875,-6182.1376953125
778,-6482.29541015625,-6175.634765625
779,-6485.17529296875,-6192.482421875
780,-6485.87451171875,-6196.2265625
781,-6499.97900390625,-6181.9609375
782,-6492.423828125,-6192.78955078125
783,-6501.5078125,-6191.60888671875
784,-6493.19482421875,-6200.90673828125
785,-6483.15771484375,-6194.93798828125
786,-6502.26953125,-6188.09423828125
787,-6499.30224609375,-6178.2802734375
788,-6481.93359375,-6192.45751953125
789,-6503.724609375,-6194.75244140625
790,-6485.94580078125,-6184.23828125
791,-6476.95068359375,-6191.416015625
792,-6485.61181640625,-6180.00634765625
793,-6491.86181640625,-6187.3447265625
794,-6486.26904296875,-6168.95458984375
795,-6485.326171875,-6196.47607421875
796,-6498.65771484375,-6194.68115234375
797,-6484.2333984375,-6190.89599609375
798,-6489.32666015625,-6184.99072265625
799,-6479.9755859375,-6191.5712890625
800,-6507.01953125,-6180.056640625
801,-6486.931640625,-6197.45849609375
802,-6480.84228515625,-6148.71923828125
803,-6464.01953125,-6197.54833984375
804,-6486.9521484375,-6201.28076171875
805,-6500.44775390625,-6190.90966796875
806,-6496.076171875,-6181.27197265625
807,-6494.2021484375,-6199.3818359375
808,-6488.69189453125,-6187.75537109375
809,-6481.716796875,-6188.076171875
810,-6476.17529296875,-6186.921875
811,-6500.1572265625,-6196.267578125
812,-6486.1005859375,-6185.72314453125
813,-6493.10400390625,-6188.451171875
814,-6514.30908203125,-6189.7548828125
815,-6490.7158203125,-6202.17333984375
816,-6485.0595703125,-6192.96484375
817,-6497.68994140625,-6190.34326171875
818,-6504.052734375,-6190.44384765625
819,-6498.70654296875,-6187.14892578125
820,-6506.8173828125,-6195.53466796875
821,-6492.98876953125,-6177.19140625
822,-6509.86181640625,-6199.3701171875
823,-6499.06787109375,-6194.34423828125
824,-6502.17236328125,-6196.08984375
825,-6511.3330078125,-6201.41455078125
826,-6490.92919921875,-6188.6123046875
827,-6519.060546875,-6202.22802734375
828,-6520.47021484375,-6184.03955078125
829,-6503.9501953125,-6197.98876953125
830,-6492.43896484375,-6188.9755859375
831,-6483.29052734375,-6184.767578125
832,-6504.73291015625,-6188.7080078125
833,-6501.76708984375,-6183.6748046875
834,-6496.57958984375,-6191.5517578125
835,-6502.1845703125,-6202.58984375
836,-6499.96875,-6195.552734375
837,-6516.03564453125,-6188.92138671875
838,-6504.734375,-6198.59326171875
839,-6490.31689453125,-6186.677734375
840,-6497.5673828125,-6182.9794921875
841,-6494.96826171875,-6201.08544921875
842,-6512.2724609375,-6190.9521484375
843,-6493.07568359375,-6194.65869140625
844,-6511.22802734375,-6194.380859375
845,-6511.5830078125,-6194.46240234375
846,-6513.580078125,-6195.521484375
847,-6494.20654296875,-6201.53515625
848,-6491.75244140625,-6173.08251953125
849,-6506.13330078125,-6184.16259765625
850,-6510.9365234375,-6199.25537109375
851,-6484.60107421875,-6195.70556640625
852,-6508.99365234375,-6188.47705078125
853,-6515.6201171875,-6204.23486328125
854,-6508.10009765625,-6197.1572265625
855,-6508.11181640625,-6170.15673828125
856,-6499.63037109375,-6204.10498046875
857,-6517.22802734375,-6195.85400390625
858,-6510.9189453125,-6186.71923828125
859,-6503.95703125,-6205.29736328125
860,-6506.77392578125,-6187.47607421875
861,-6506.10986328125,-6193.9453125
862,-6501.234375,-6189.2080078125
863,-6493.17529296875,-6193.65673828125
864,-6491.40380859375,-6194.982421875
865,-6506.75390625,-6189.30322265625
866,-6494.85888671875,-6191.2421875
867,-6506.6875,-6195.83349609375
868,-6526.45654296875,-6193.79638671875
869,-6512.54833984375,-6195.82958984375
870,-6525.6953125,-6199.828125
871,-6526.75390625,-6197.05029296875
872,-6488.8994140625,-6196.6103515625
873,-6495.419921875,-6170.71630859375
874,-6496.6123046875,-6185.7763671875
875,-6505.25830078125,-6197.572265625
876,-6500.17431640625,-6195.4638671875
877,-6513.36376953125,-6183.51123046875
878,-6500.68408203125,-6198.125
879,-6505.09326171875,-6198.9287109375
880,-6503.162109375,-6189.83642578125
881,-6503.39892578125,-6193.20654296875
882,-6523.86181640625,-6182.69873046875
883,-6499.28173828125,-6204.2587890625
884,-6503.67041015625,-6200.517578125
885,-6497.94873046875,-6192.5302734375
886,-6519.77001953125,-6193.98291015625
887,-6516.30029296875,-6187.77880859375
888,-6502.85205078125,-6196.6259765625
889,-6516.66064453125,-6193.125
890,-6509.31201171875,-6192.09765625
891,-6526.50390625,-6188.69921875
892,-6509.1337890625,-6195.365234375
893,-6508.5810546875,-6186.998046875
894,-6500.181640625,-6187.59130859375
895,-6534.61474609375,-6201.51904296875
896,-6515.2744140625,-6191.11865234375
897,-6512.3349609375,-6190.43798828125
898,-6520.072265625,-6196.35009765625
899,-6527.6904296875,-6190.0869140625
900,-6520.8564453125,-6198.42529296875
901,-6500.50732421875,-6181.626953125
902,-6517.4306640625,-6197.31640625
903,-6506.7236328125,-6195.0009765625
904,-6518.88037109375,-6196.68115234375
905,-6508.4189453125,-6200.80859375
906,-6496.93505859375,-6181.31298828125
907,-6510.1875,-6207.0029296875
908,-6511.32666015625,-6192.7607421875
909,-6510.30712890625,-6195.65380859375
910,-6508.4443359375,-6191.4267578125
911,-6507.08740234375,-6194.60888671875
912,-6516.0185546875,-6186.177734375
913,-6518.654296875,-6197.21533203125
914,-6518.484375,-6200.6513671875
915,-6505.45068359375,-6199.8330078125
916,-6512.39794921875,-6202.3486328125
917,-6507.89697265625,-6196.0673828125
918,-6521.03564453125,-6186.302734375
919,-6509.3564453125,-6195.6298828125
920,-6530.130859375,-6203.06787109375
921,-6520.2314453125,-6199.1220703125
922,-6509.9638671875,-6191.8310546875
923,-6522.068359375,-6199.61669921875
924,-6526.60400390625,-6200.41943359375
925,-6527.20361328125,-6198.748046875
926,-6534.2802734375,-6201.6494140625
927,-6514.048828125,-6197.669921875
928,-6506.00244140625,-6187.98095703125
929,-6519.982421875,-6203.2451171875
930,-6515.4287109375,-6194.00244140625
931,-6521.6435546875,-6183.6767578125
932,-6508.0966796875,-6199.48828125
933,-6523.7421875,-6201.38916015625
934,-6508.42919921875,-6190.916015625
935,-6500.904296875,-6196.1689453125
936,-6524.1640625,-6194.86279296875
937,-6509.55029296875,-6185.5126953125
938,-6521.45458984375,-6202.55908203125
939,-6524.9599609375,-6205.02001953125
940,-6504.201171875,-6189.75390625
941,-6508.35888671875,-6193.39404296875
942,-6510.11865234375,-6196.59912109375
943,-6516.21044921875,-6197.8857421875
944,-6516.2578125,-6198.40283203125
945,-6529.06982421875,-6189.88330078125
946,-6513.05615234375,-6195.9814453125
947,-6521.6572265625,-6200.5654296875
948,-6511.0517578125,-6186.4365234375
949,-6530.12109375,-6198.7919921875
950,-6519.9833984375,-6187.5595703125
951,-6522.73046875,-6197.94970703125
952,-6509.11572265625,-6195.64111328125
953,-6525.92724609375,-6202.48583984375
954,-6513.427734375,-6194.51171875
955,-6516.52099609375,-6204.24609375
956,-6516.9443359375,-6184.49365234375
957,-6521.0126953125,-6204.66748046875
958,-6525.73779296875,-6191.9130859375
959,-6529.25244140625,-6197.62841796875
960,-6533.4990234375,-6194.25830078125
961,-6519.171875,-6204.7177734375
962,-6524.05908203125,-6188.685546875
963,-6512.2646484375,-6204.87109375
964,-6513.52783203125,-6195.78271484375
965,-6508.3447265625,-6191.6875
966,-6522.62841796875,-6197.52880859375
967,-6526.8349609375,-6197.3037109375
968,-6529.3759765625,-6172.1962890625
969,-6506.9443359375,-6194.97412109375
970,-6532.23828125,-6196.55615234375
971,-6521.17529296875,-6205.20458984375
972,-6512.16162109375,-6192.32177734375
973,-6538.4306640625,-6201.49951171875
974,-6511.98291015625,-6174.05908203125
975,-6530.9697265625,-6200.814453125
976,-6511.6767578125,-6195.5146484375
977,-6498.65673828125,-6184.36962890625
978,-6527.359375,-6202.61669921875
979,-6524.18994140625,-6195.3369140625
980,-6519.3466796875,-6194.91015625
981,-6518.96728515625,-6201.39794921875
982,-6532.51611328125,-6194.9736328125
983,-6521.7568359375,-6189.42529296875
984,-6526.21630859375,-6203.7177734375
985,-6525.8232421875,-6194.9052734375
986,-6524.7900390625,-6198.814453125
987,-6517.603515625,-6191.5693359375
988,-6515.498046875,-6199.9296875
989,-6522.0751953125,-6201.22412109375
990,-6521.4658203125,-6191.89111328125
991,-6525.212890625,-6199.77197265625
992,-6527.62109375,-6188.38623046875
993,-6533.44384765625,-6205.21142578125
994,-6538.75048828125,-6201.30859375
995,-6527.34521484375,-6197.75927734375
996,-6538.46240234375,-6203.70263671875
997,-6512.7216796875,-6193.7373046875
998,-6509.37841796875,-6189.69384765625
999,-6536.41650390625,-6197.6875
1000,-6523.244140625,-6183.66064453125
1001,-6519.21484375,-6187.03369140625
1002,-6510.85986328125,-6200.8447265625
1003,-6522.34326171875,-6187.8212890625
1004,-6519.55810546875,-6193.595703125
1005,-6523.615234375,-6196.8447265625
1006,-6529.703125,-6196.19384765625
1007,-6526.92529296875,-6187.93505859375
1008,-6537.2802734375,-6205.12255859375
1009,-6529.87060546875,-6196.28173828125
1010,-6540.5146484375,-6191.43115234375
1011,-6509.154296875,-6195.24609375
1012,-6536.58642578125,-6202.83154296875
1013,-6535.09814453125,-6195.2568359375
1014,-6519.47314453125,-6196.048828125
1015,-6520.2685546875,-6199.09814453125
1016,-6524.37841796875,-6194.6689453125
1017,-6535.0048828125,-6205.33935546875
1018,-6513.94970703125,-6195.88720703125
1019,-6542.56005859375,-6206.4423828125
1020,-6541.0078125,-6200.5048828125
1021,-6534.48486328125,-6196.1298828125
1022,-6538.27978515625,-6200.6845703125
1023,-6532.96044921875,-6200.65283203125
1024,-6532.38134765625,-6196.3564453125
1025,-6537.78955078125,-6205.83154296875
1026,-6535.22705078125,-6197.06787109375
1027,-6519.67578125,-6206.24658203125
1028,-6527.33251953125,-6190.32470703125
1029,-6541.11572265625,-6200.74072265625
1030,-6527.28857421875,-6193.78564453125
1031,-6528.2099609375,-6193.42626953125
1032,-6534.0302734375,-6197.24072265625
1033,-6533.85205078125,-6198.796875
1034,-6533.1328125,-6202.1552734375
1035,-6513.06982421875,-6188.57177734375
1036,-6536.39599609375,-6202.34619140625
1037,-6516.59716796875,-6195.994140625
1038,-6530.45751953125,-6198.14404296875
1039,-6514.15185546875,-6192.87744140625
1040,-6528.7294921875,-6204.13671875
1041,-6528.7099609375,-6200.22998046875
1042,-6538.126953125,-6202.47509765625
1043,-6541.11083984375,-6200.6728515625
1044,-6532.9326171875,-6202.9296875
1045,-6534.927734375,-6171.466796875
1046,-6506.322265625,-6194.703125
1047,-6516.09912109375,-6201.13623046875
1048,-6524.7314453125,-6197.1904296875
1049,-6539.16455078125,-6205.84130859375
1050,-6541.66845703125,-6204.21484375
1051,-6526.62890625,-6196.5234375
1052,-6540.2880859375,-6199.76611328125
1053,-6532.23388671875,-6201.96630859375
1054,-6528.26904296875,-6187.43408203125
1055,-6530.1201171875,-6200.796875
1056,-6540.37158203125,-6191.267578125
1057,-6521.61767578125,-6200.99658203125
1058,-6541.0380859375,-6195.7470703125
1059,-6534.17236328125,-6183.98828125
1060,-6543.67431640625,-6201.44970703125
1061,-6536.2265625,-6200.09912109375
1062,-6517.298828125,-6199.5595703125
1063,-6534.31005859375,-6188.38916015625
1064,-6542.71337890625,-6200.96484375
1065,-6527.51611328125,-6195.84814453125
1066,-6538.306640625,-6200.5751953125
1067,-6542.314453125,-6199.5673828125
1068,-6540.45849609375,-6195.03564453125
1069,-6533.37060546875,-6199.814453125
1070,-6536.91064453125,-6200.9052734375
1071,-6545.98974609375,-6193.66259765625
1072,-6534.9638671875,-6201.0439453125
1073,-6531.4619140625,-6198.7431640625
1074,-6523.56640625,-6200.177734375
1075,-6531.39013671875,-6193.830078125
1076,-6540.47119140625,-6198.0087890625
1077,-6536.3837890625,-6200.44384765625
1078,-6527.7265625,-6193.59130859375
1079,-6523.7822265625,-6199.375
1080,-6537.92236328125,-6204.029296875
1081,-6559.09716796875,-6201.97900390625
1082,-6530.3828125,-6199.0009765625
1083,-6525.134765625,-6192.4755859375
1084,-6535.09619140625,-6201.98583984375
1085,-6530.267578125,-6187.203125
1086,-6531.7275390625,-6200.796875
1087,-6544.77099609375,-6199.76220703125
1088,-6552.07275390625,-6203.482421875
1089,-6538.171875,-6190.6123046875
1090,-6536.16259765625,-6204.7060546875
1091,-6541.05224609375,-6196.5703125
1092,-6532.90234375,-6196.3271484375
1093,-6538.69091796875,-6194.81640625
1094,-6522.533203125,-6198.51806640625
1095,-6527.69384765625,-6195.46044921875
1096,-6533.7734375,-6198.74951171875
1097,-6536.85107421875,-6197.072265625
1098,-6537.6044921875,-6196.44140625
1099,-6536.92578125,-6197.11083984375
1100,-6539.61083984375,-6189.89990234375
1101,-6544.16943359375,-6200.9169921875
1102,-6554.65087890625,-6198.82666015625
1103,-6530.5888671875,-6197.328125
1104,-6526.77001953125,-6192.89306640625
1105,-6543.8154296875,-6206.6279296875
1106,-6541.07177734375,-6193.40576171875
1107,-6542.58251953125,-6199.19921875
1108,-6530.32421875,-6198.01416015625
1109,-6545.80908203125,-6194.15966796875
1110,-6525.111328125,-6201.30029296875
1111,-6569.13720703125,-6209.0078125
1112,-6537.5869140625,-6193.0625
1113,-6544.92919921875,-6200.79541015625
1114,-6533.2451171875,-6194.39208984375
1115,-6531.98046875,-6184.408203125
1116,-6528.9130859375,-6198.0732421875
1117,-6532.70556640625,-6201.958984375
1118,-6543.55224609375,-6196.70458984375
1119,-6539.302734375,-6204.02099609375
1120,-6548.1357421875,-6198.53759765625
1121,-6546.45166015625,-6202.7646484375
1122,-6541.66748046875,-6196.41943359375
1123,-6543.1142578125,-6209.70751953125
1124,-6523.19189453125,-6192.16845703125
1125,-6548.60986328125,-6202.5888671875
1126,-6535.97412109375,-6195.57763671875
1127,-6542.8330078125,-6198.7431640625
1128,-6547.53173828125,-6199.041015625
1129,-6536.9814453125,-6190.00830078125
1130,-6532.02294921875,-6194.95947265625
1131,-6524.77880859375,-6198.62158203125
1132,-6536.45947265625,-6197.7919921875
1133,-6537.0400390625,-6191.453125
1134,-6523.95849609375,-6195.31005859375
1135,-6545.1728515625,-6195.93701171875
1136,-6542.578125,-6192.59228515625
1137,-6542.681640625,-6203.60400390625
1138,-6542.16455078125,-6192.7490234375
1139,-6554.298828125,-6206.171875
1140,-6555.06591796875,-6204.8017578125
1141,-6534.8447265625,-6193.453125
1142,-6546.8505859375,-6202.86572265625
1143,-6538.97265625,-6194.09326171875
1144,-6551.35107421875,-6205.916015625
1145,-6529.5576171875,-6184.60400390625
1146,-6555.353515625,-6207.91455078125
1147,-6543.015625,-6190.35986328125
1148,-6549.7646484375,-6204.6689453125
1149,-6520.48828125,-6189.51513671875
1150,-6545.09130859375,-6199.76171875
1151,-6529.09423828125,-6204.6142578125
1152,-6550.79345703125,-6204.75048828125
1153,-6544.42626953125,-6194.9921875
1154,-6540.6728515625,-6204.466796875
1155,-6539.9189453125,-6205.03466796875
1156,-6541.9814453125,-6200.42041015625
1157,-6542.4248046875,-6200.18505859375
1158,-6520.158203125,-6203.8759765625
1159,-6550.22314453125,-6201.72705078125
1160,-6568.1689453125,-6201.12890625
1161,-6538.634765625,-6189.08984375
1162,-6540.97412109375,-6205.37841796875
1163,-6558.14111328125,-6197.873046875
1164,-6545.16943359375,-6202.47412109375
1165,-6533.01123046875,-6199.87255859375
1166,-6551.37451171875,-6199.431640625
1167,-6558.46435546875,-6200.6142578125
1168,-6549.64990234375,-6204.03662109375
1169,-6562.9130859375,-6199.00830078125
1170,-6561.9892578125,-6194.94287109375
1171,-6524.228515625,-6205.6298828125
1172,-6559.1298828125,-6193.79248046875
1173,-6543.0576171875,-6199.52978515625
1174,-6545.42822265625,-6192.89306640625
1175,-6533.49072265625,-6191.28759765625
1176,-6521.14501953125,-6194.7744140625
1177,-6556.59521484375,-6201.97265625
1178,-6535.06005859375,-6184.541015625
1179,-6541.96484375,-6198.30615234375
1180,-6547.47216796875,-6200.6298828125
1181,-6528.3037109375,-6204.39501953125
1182,-6555.67236328125,-6197.56591796875
1183,-6559.71923828125,-6199.74658203125
1184,-6555.74560546875,-6203.595703125
1185,-6548.91748046875,-6199.7021484375
1186,-6552.220703125,-6200.8896484375
1187,-6551.45556640625,-6207.67529296875
1188,-6556.35400390625,-6196.396484375
1189,-6547.7763671875,-6208.1357421875
1190,-6545.27685546875,-6192.41259765625
1191,-6553.01318359375,-6201.07958984375
1192,-6560.94091796875,-6203.58642578125
1193,-6557.4462890625,-6199.24658203125
1194,-6548.34619140625,-6202.45263671875
1195,-6555.9619140625,-6195.701171875
1196,-6548.02587890625,-6205.45947265625
1197,-6543.5830078125,-6207.04248046875
1198,-6550.4609375,-6196.47216796875
1199,-6537.708984375,-6202.43212890625
1200,-6561.4716796875,-6200.9248046875
1201,-6533.25048828125,-6193.93115234375
1202,-6564.248046875,-6203.083984375
1203,-6536.29638671875,-6197.08251953125
1204,-6535.13427734375,-6198.134765625
1205,-6552.85302734375,-6205.1337890625
1206,-6552.0517578125,-6195.9794921875
1207,-6557.1962890625,-6198.66552734375
1208,-6555.14990234375,-6202.63720703125
1209,-6535.73876953125,-6196.36328125
1210,-6548.81982421875,-6202.66748046875
1211,-6566.357421875,-6194.10009765625
1212,-6534.9716796875,-6203.10986328125
1213,-6538.44189453125,-6200.46826171875
1214,-6542.46875,-6204.8369140625
1215,-6561.1513671875,-6201.37451171875
1216,-6547.123046875,-6199.701171875
1217,-6546.40576171875,-6206.548828125
1218,-6547.26953125,-6204.36572265625
1219,-6554.69287109375,-6202.619140625
1220,-6548.97607421875,-6206.50634765625
1221,-6565.2529296875,-6202.8759765625
1222,-6551.96044921875,-6200.29541015625
1223,-6521.56494140625,-6187.49169921875
1224,-6542.27001953125,-6194.2607421875
1225,-6544.11328125,-6193.33544921875
1226,-6547.21435546875,-6199.5654296875
1227,-6551.8505859375,-6203.89111328125
1228,-6544.7421875,-6196.31591796875
1229,-6547.8046875,-6205.25830078125
1230,-6538.8828125,-6188.00830078125
1231,-6545.24853515625,-6193.0517578125
1232,-6539.0458984375,-6201.63720703125
1233,-6566.3642578125,-6202.822265625
1234,-6545.48046875,-6192.6669921875
1235,-6550.0234375,-6200.07666015625
1236,-6562.859375,-6199.44580078125
1237,-6560.8955078125,-6202.95458984375
1238,-6553.294921875,-6203.1884765625
1239,-6546.36767578125,-6195.34423828125
1240,-6540.60791015625,-6195.27880859375
1241,-6540.07421875,-6193.69091796875
1242,-6561.955078125,-6201.4892578125
1243,-6555.46630859375,-6199.41015625
1244,-6560.212890625,-6201.544921875
1245,-6564.44580078125,-6203.61376953125
1246,-6545.22509765625,-6206.9873046875
1247,-6541.73583984375,-6199.07958984375
1248,-6553.53857421875,-6201.21240234375
1249,-6549.77783203125,-6208.2177734375
1250,-6542.2607421875,-6198.283203125
1251,-6558.16064453125,-6206.5390625
1252,-6553.18408203125,-6193.560546875
1253,-6554.6171875,-6209.68115234375
1254,-6553.5185546875,-6193.16064453125
1255,-6544.20263671875,-6208.9013671875
1256,-6545.93212890625,-6197.81787109375
1257,-6544.31982421875,-6208.4580078125
1258,-6566.4697265625,-6197.09130859375
1259,-6553.220703125,-6198.43212890625
1260,-6546.31884765625,-6196.169921875
1261,-6533.87841796875,-6201.94091796875
1262,-6563.06591796875,-6204.02783203125
1263,-6562.2236328125,-6200.576171875
1264,-6560.93212890625,-6201.9404296875
1265,-6550.34521484375,-6198.83740234375
1266,-6550.5625,-6204.23486328125
1267,-6563.90771484375,-6208.23583984375
1268,-6541.71484375,-6194.1982421875
1269,-6558.48779296875,-6203.869140625
1270,-6550.64697265625,-6194.2685546875
1271,-6557.892578125,-6202.0869140625
1272,-6561.87841796875,-6200.640625
1273,-6532.07763671875,-6195.54638671875
1274,-6553.7412109375,-6203.0634765625
1275,-6549.53125,-6198.0537109375
1276,-6539.1787109375,-6193.5703125
1277,-6551.87890625,-6200.947265625
1278,-6553.88134765625,-6196.3759765625
1279,-6566.29736328125,-6206.46728515625
1280,-6558.02197265625,-6191.78857421875
1281,-6566.615234375,-6201.29345703125
1282,-6548.740234375,-6200.6845703125
1283,-6553.6474609375,-6203.05615234375
1284,-6550.2587890625,-6197.77392578125
1285,-6545.41748046875,-6204.9931640625
1286,-6552.34033203125,-6189.8427734375
1287,-6539.4501953125,-6195.966796875
1288,-6553.23876953125,-6197.6484375
1289,-6552.33203125,-6201.02685546875
1290,-6554.12255859375,-6198.85595703125
1291,-6564.64013671875,-6200.9501953125
1292,-6562.74755859375,-6197.5830078125
1293,-6559.33203125,-6202.4248046875
1294,-6553.77734375,-6197.0947265625
1295,-6568.36181640625,-6208.60791015625
1296,-6551.560546875,-6198.3701171875
1297,-6535.78857421875,-6196.32763671875
1298,-6551.5673828125,-6197.923828125
1299,-6565.931640625,-6205.2490234375
1300,-6553.2421875,-6195.99658203125
1301,-6544.09912109375,-6194.53857421875
1302,-6548.15576171875,-6205.376953125
1303,-6550.15966796875,-6195.70458984375
1304,-6535.927734375,-6200.4130859375
1305,-6552.5732421875,-6202.0625
1306,-6556.615234375,-6204.74755859375
1307,-6555.3056640625,-6195.57373046875
1308,-6551.6552734375,-6198.744140625
1309,-6543.7958984375,-6192.046875
1310,-6561.43408203125,-6201.6337890625
1311,-6537.931640625,-6201.3271484375
1312,-6543.79541015625,-6195.72802734375
1313,-6567.388671875,-6204.75
1314,-6566.24267578125,-6201.20166015625
1315,-6562.28076171875,-6203.72265625
1316,-6565.91259765625,-6202.02099609375
1317,-6560.0517578125,-6202.01708984375
1318,-6562.16064453125,-6205.2412109375
1319,-6554.74609375,-6207.1953125
1320,-6551.634765625,-6198.095703125
1321,-6559.083984375,-6203.98876953125
1322,-6548.12060546875,-6195.59130859375
1323,-6565.29736328125,-6206.28369140625
1324,-6548.87109375,-6192.3623046875
1325,-6548.7099609375,-6204.85009765625
1326,-6569.03662109375,-6205.32958984375
1327,-6553.390625,-6203.02685546875
1328,-6541.5537109375,-6197.09326171875
1329,-6569.236328125,-6208.20263671875
1330,-6571.43603515625,-6205.38134765625
1331,-6562.06494140625,-6212.00341796875
1332,-6558.3837890625,-6193.90234375
1333,-6546.8701171875,-6203.5263671875
1334,-6545.2412109375,-6204.40234375
1335,-6568.1162109375,-6204.59814453125
1336,-6554.91650390625,-6203.96826171875
1337,-6549.33056640625,-6193.8544921875
1338,-6562.67822265625,-6202.12744140625
1339,-6552.4248046875,-6210.02001953125
1340,-6565.84228515625,-6207.9228515625
1341,-6543.28662109375,-6198.44921875
1342,-6566.50048828125,-6198.6611328125
1343,-6563.72265625,-6201.005859375
1344,-6558.66748046875,-6201.2744140625
1345,-6552.86376953125,-6203.91845703125
1346,-6564.55224609375,-6196.98388671875
1347,-6544.9248046875,-6205.78173828125
1348,-6577.52783203125,-6208.62109375
1349,-6546.6640625,-6194.845703125
1350,-6541.61669921875,-6190.3896484375
1351,-6553.46044921875,-6208.6396484375
1352,-6552.1669921875,-6195.63623046875
1353,-6555.423828125,-6195.1240234375
1354,-6567.767578125,-6203.95654296875
1355,-6549.9443359375,-6197.0947265625
1356,-6557.7197265625,-6203.3193359375
1357,-6556.8505859375,-6194.38427734375
1358,-6548.71728515625,-6202.6220703125
1359,-6577.02392578125,-6199.3095703125
1360,-6555.880859375,-6205.44091796875
1361,-6566.65576171875,-6207.57958984375
1362,-6536.70703125,-6194.29052734375
1363,-6556.15087890625,-6199.5537109375
1364,-6554.44970703125,-6196.111328125
1365,-6571.1142578125,-6207.67041015625
1366,-6561.07861328125,-6191.15185546875
1367,-6560.8251953125,-6202.2685546875
1368,-6554.95361328125,-6198.10498046875
1369,-6559.44580078125,-6198.2685546875
1370,-6555.4853515625,-6197.611328125
1371,-6558.81494140625,-6201.48291015625
1372,-6557.3779296875,-6191.57373046875
1373,-6566.40869140625,-6204.5732421875
1374,-6555.1845703125,-6190.5439453125
1375,-6555.93017578125,-6195.8076171875
1376,-6551.12353515625,-6196.88671875
1377,-6569.58837890625,-6199.98193359375
1378,-6564.201171875,-6200.7861328125
1379,-6557.2001953125,-6202.38720703125
1380,-6560.93359375,-6199.67529296875
1381,-6564.70068359375,-6202.52783203125
1382,-6547.572265625,-6195.02294921875
1383,-6565.1845703125,-6208.701171875
1384,-6545.0810546875,-6187.21826171875
1385,-6561.9560546875,-6204.75244140625
1386,-6566.14599609375,-6200.74755859375
1387,-6550.3212890625,-6205.93115234375
1388,-6554.4375,-6193.90771484375
1389,-6555.5419921875,-6203.37451171875
1390,-6562.982421875,-6196.5361328125
1391,-6558.36279296875,-6205.1171875
1392,-6555.93408203125,-6199.22900390625
1393,-6558.08447265625,-6198.85888671875
1394,-6566.0517578125,-6201.0537109375
1395,-6552.63671875,-6202.92626953125
1396,-6574.32373046875,-6205.2607421875
1397,-6556.1298828125,-6193.74755859375
1398,-6552.24609375,-6194.6005859375
1399,-6550.40478515625,-6200.22412109375
1400,-6565.671875,-6204.70751953125
1401,-6555.064453125,-6196.8515625
1402,-6562.91259765625,-6202.10302734375
1403,-6573.3603515625,-6206.80712890625
1404,-6558.6376953125,-6190.76904296875
1405,-6546.51171875,-6200.66064453125
1406,-6562.02001953125,-6196.7470703125
1407,-6575.513671875,-6204.7265625
1408,-6585.7099609375,-6201.208984375
1409,-6564.8642578125,-6201.7919921875
1410,-6547.138671875,-6191.380859375
1411,-6562.26123046875,-6200.81494140625
1412,-6548.77783203125,-6200.90771484375
1413,-6560.33056640625,-6201.75830078125
1414,-6568.56005859375,-6198.30419921875
1415,-6575.05224609375,-6204.693359375
1416,-6559.14697265625,-6203.28662109375
1417,-6570.85400390625,-6202.15869140625
1418,-6556.58154296875,-6199.0634765625
1419,-6569.28271484375,-6199.1689453125
1420,-6554.8232421875,-6199.3515625
1421,-6562.23486328125,-6200.22509765625
1422,-6543.361328125,-6194.3857421875
1423,-6561.0849609375,-6208.31298828125
1424,-6574.8125,-6196.56884765625
1425,-6568.9765625,-6200.1611328125
1426,-6565.15283203125,-6201.83984375
1427,-6569.80419921875,-6197.2802734375
1428,-6567.01220703125,-6200.91943359375
1429,-6559.4609375,-6200.3310546875
1430,-6567.8330078125,-6201.23193359375
1431,-6557.4951171875,-6194.1884765625
1432,-6580.20166015625,-6203.357421875
1433,-6559.0107421875,-6201.55908203125
1434,-6572.41552734375,-6202.9921875
1435,-6570.48779296875,-6200.0810546875
1436,-6579.06201171875,-6204.80029296875
1437,-6565.25,-6201.3427734375
1438,-6559.87451171875,-6196.8837890625
1439,-6563.56005859375,-6204.66943359375
1440,-6579.46923828125,-6201.630859375
1441,-6575.49267578125,-6200.55126953125
1442,-6553.13671875,-6192.10888671875
1443,-6570.322265625,-6203.46044921875
1444,-6562.21875,-6198.0185546875
1445,-6565.16943359375,-6204.88671875
1446,-6564.2529296875,-6193.35302734375
1447,-6563.8017578125,-6197.953125
1448,-6565.814453125,-6203.7431640625
1449,-6569.71337890625,-6202.55859375
1450,-6559.4580078125,-6201.69921875
1451,-6569.740234375,-6204.57177734375
1452,-6567.97802734375,-6195.91943359375
1453,-6562.3544921875,-6201.98193359375
1454,-6551.51806640625,-6192.55126953125
1455,-6579.8291015625,-6203.34228515625
1456,-6551.107421875,-6196.466796875
1457,-6577.1748046875,-6201.380859375
1458,-6566.5146484375,-6193.09912109375
1459,-6548.984375,-6189.90771484375
1460,-6576.16357421875,-6199.791015625
1461,-6563.55712890625,-6186.51806640625
1462,-6560.05078125,-6199.794921875
1463,-6541.4541015625,-6196.78759765625
1464,-6563.1748046875,-6198.2685546875
1465,-6558.95703125,-6192.9638671875
1466,-6579.3740234375,-6203.46142578125
1467,-6568.1259765625,-6198.1298828125
1468,-6556.36083984375,-6200.6064453125
1469,-6559.39453125,-6194.46826171875
1470,-6574.6591796875,-6202.6806640625
1471,-6570.7958984375,-6193.5576171875
1472,-6567.03466796875,-6201.447265625
1473,-6565.74755859375,-6194.62890625
1474,-6555.5546875,-6199.37548828125
1475,-6560.42822265625,-6193.8740234375
1476,-6560.78857421875,-6204.0009765625
1477,-6570.2294921875,-6199.92529296875
1478,-6570.98388671875,-6204.81640625
1479,-6571.21240234375,-6200.7470703125
1480,-6561.880859375,-6194.62841796875
1481,-6563.92431640625,-6200.23388671875
1482,-6563.59521484375,-6195.314453125
1483,-6564.83056640625,-6200.45458984375
1484,-6552.39404296875,-6197.8056640625
1485,-6575.4375,-6202.3818359375
1486,-6564.62939453125,-6198.77294921875
1487,-6568.1240234375,-6206.29345703125
1488,-6565.67724609375,-6194.58740234375
1489,-6568.0537109375,-6205.1357421875
1490,-6577.611328125,-6201.86376953125
1491,-6551.6396484375,-6200.55615234375
1492,-6575.00732421875,-6203.01904296875
1493,-6572.00439453125,-6194.0439453125
1494,-6578.19189453125,-6198.99951171875
1495,-6563.33935546875,-6197.44287109375
1496,-6577.1845703125,-6202.14599609375
1497,-6572.2001953125,-6194.7265625
1498,-6576.36767578125,-6199.380859375
1499,-6571.34130859375,-6197.09716796875
1500,-6563.275390625,-6195.90673828125
1501,-6573.13037109375,-6202.134765625
1502,-6564.1240234375,-6199.0009765625
1503,-6571.8818359375,-6199.40087890625
1504,-6557.8544921875,-6195.2626953125
1505,-6547.8818359375,-6197.42041015625
1506,-6562.7314453125,-6191.30615234375
1507,-6579.138671875,-6197.61572265625
1508,-6571.16357421875,-6198.1953125
1509,-6559.50244140625,-6196.47900390625
1510,-6575.7041015625,-6190.822265625
1511,-6582.3662109375,-6203.4140625
1512,-6562.27197265625,-6204.27294921875
1513,-6570.31640625,-6202.0615234375
1514,-6585.56591796875,-6203.00634765625
1515,-6570.6640625,-6197.40283203125
1516,-6569.1669921875,-6194.2255859375
1517,-6563.896484375,-6200.79736328125
1518,-6575.3203125,-6201.95849609375
1519,-6569.19384765625,-6194.58056640625
1520,-6561.919921875,-6196.43701171875
1521,-6559.4423828125,-6190.71728515625
1522,-6572.59619140625,-6197.6845703125
1523,-6579.6669921875,-6196.12109375
1524,-6561.43896484375,-6196.93408203125
1525,-6573.08740234375,-6200.25048828125
1526,-6568.388671875,-6197.4560546875
1527,-6556.68359375,-6199.09130859375
1528,-6579.109375,-6191.80859375
1529,-6568.2529296875,-6196.35302734375
1530,-6572.0146484375,-6193.59423828125
1531,-6568.0810546875,-6203.75634765625
1532,-6570.576171875,-6193.48583984375
1533,-6577.287109375,-6208.80126953125
1534,-6565.19775390625,-6203.83740234375
1535,-6569.45458984375,-6194.548828125
1536,-6574.43212890625,-6203.80615234375
1537,-6575.61279296875,-6198.1611328125
1538,-6582.75244140625,-6200.345703125
1539,-6564.853515625,-6198.08349609375
1540,-6571.71533203125,-6202.59228515625
1541,-6576.9951171875,-6203.59228515625
1542,-6553.7001953125,-6193.458984375
1543,-6550.27001953125,-6192.72900390625
1544,-6563.6494140625,-6202.84814453125
1545,-6572.24072265625,-6195.72412109375
1546,-6572.5986328125,-6197.32763671875
1547,-6579.296875,-6200.5546875
1548,-6570.22314453125,-6193.484375
1549,-6565.4140625,-6205.03515625
1550,-6576.9130859375,-6203.3173828125
1551,-6571.837890625,-6197.11279296875
1552,-6566.9296875,-6193.18115234375
1553,-6557.38427734375,-6192.0810546875
1554,-6583.32861328125,-6201.1982421875
1555,-6581.32080078125,-6196.439453125
1556,-6563.365234375,-6204.607421875
1557,-6569.5595703125,-6198.79541015625
1558,-6562.24658203125,-6194.84716796875
1559,-6573.56298828125,-6193.322265625
1560,-6569.59716796875,-6191.48193359375
1561,-6577.7109375,-6194.826171875
1562,-6553.6884765625,-6203.5830078125
1563,-6566.931640625,-6201.81640625
1564,-6585.58447265625,-6196.87451171875
1565,-6558.74072265625,-6200.35986328125
1566,-6562.56298828125,-6200.14501953125
1567,-6571.7529296875,-6202.4384765625
1568,-6560.30810546875,-6197.3447265625
1569,-6562.20751953125,-6199.7861328125
1570,-6573.93115234375,-6199.63134765625
1571,-6569.9306640625,-6192.75
1572,-6568.90283203125,-6196.85595703125
1573,-6567.02294921875,-6200.09912109375
1574,-6570.97314453125,-6193.416015625
1575,-6572.90380859375,-6203.97900390625
1576,-6570.849609375,-6197.03759765625
1577,-6581.111328125,-6201.0546875
1578,-6573.466796875,-6199.3095703125
1579,-6558.9375,-6192.44921875
1580,-6568.63525390625,-6198.9521484375
1581,-6573.08056640625,-6195.71630859375
1582,-6564.77587890625,-6192.09326171875
1583,-6572.427734375,-6199.44970703125
1584,-6583.90625,-6188.77197265625
1585,-6564.95166015625,-6205.916015625
1586,-6570.67822265625,-6195.9384765625
1587,-6578.35498046875,-6202.11865234375
1588,-6558.82958984375,-6197.47705078125
1589,-6575.87841796875,-6194.439453125
1590,-6558.36669921875,-6199.61328125
1591,-6573.0009765625,-6196.240234375
1592,-6560.75439453125,-6194.3388671875
1593,-6579.35888671875,-6198.88671875
1594,-6566.33447265625,-6195.67529296875
1595,-6578.3720703125,-6197.09033203125
1596,-6575.2890625,-6188.89599609375
1597,-6576.17822265625,-6201.197265625
1598,-6559.279296875,-6194.916015625
1599,-6568.52978515625,-6193.2568359375
1600,-6568.8017578125,-6192.5087890625
1601,-6563.1796875,-6201.876953125
1602,-6557.61474609375,-6194.13720703125
1603,-6573.24853515625,-6195.3701171875
1604,-6566.7236328125,-6203.103515625
1605,-6548.19921875,-6187.14111328125
1606,-6575.18212890625,-6203.9765625
1607,-6576.26708984375,-6200.50390625
1608,-6565.99365234375,-6197.91943359375
1609,-6576.953125,-6204.859375
1610,-6579.46240234375,-6187.72802734375
1611,-6573.79736328125,-6194.2314453125
1612,-6572.69921875,-6193.6953125
1613,-6583.78857421875,-6197.08544921875
1614,-6565.17138671875,-6194.03515625
1615,-6576.58935546875,-6189.58837890625
1616,-6576.0625,-6194.990234375
1617,-6581.34619140625,-6201.6298828125
1618,-6580.05810546875,-6188.12158203125
1619,-6566.60888671875,-6198.98583984375
1620,-6581.4560546875,-6200.1064453125
1621,-6584.23046875,-6202.5419921875
1622,-6553.96044921875,-6192.2587890625
1623,-6556.95458984375,-6193.72900390625
1624,-6573.4306640625,-6199.94677734375
1625,-6576.51953125,-6196.52490234375
1626,-6582.7607421875,-6199.7568359375
1627,-6564.53466796875,-6199.7080078125
1628,-6571.7607421875,-6184.833984375
1629,-6582.81201171875,-6205.69384765625
1630,-6582.06884765625,-6193.87451171875
1631,-6568.7548828125,-6193.19580078125
1632,-6580.7138671875,-6202.03759765625
1633,-6571.0712890625,-6193.0009765625
1634,-6584.1220703125,-6199.68701171875
1635,-6580.6220703125,-6192.05859375
1636,-6576.6806640625,-6201.328125
1637,-6558.57373046875,-6200.29443359375
1638,-6572.1845703125,-6195.19921875
1639,-6580.810546875,-6197.46484375
1640,-6572.90283203125,-6197.91845703125
1641,-6586.16552734375,-6205.41015625
1642,-6567.07568359375,-6197.82177734375
1643,-6575.708984375,-6196.9287109375
1644,-6568.3701171875,-6190.15087890625
1645,-6572.59716796875,-6193.0361328125
1646,-6565.517578125,-6204.28271484375
1647,-6562.23046875,-6195.9619140625
1648,-6575.46044921875,-6191.45361328125
1649,-6584.64697265625,-6198.37255859375
1650,-6580.099609375,-6193.7255859375
1651,-6577.14892578125,-6197.34814453125
1652,-6564.75537109375,-6201.02734375
1653,-6569.509765625,-6193.1044921875
1654,-6574.9970703125,-6193.3154296875
1655,-6578.25244140625,-6197.330078125
1656,-6578.5498046875,-6194.00244140625
1657,-6562.93603515625,-6196.8232421875
1658,-6574.5810546875,-6199.0625
1659,-6585.568359375,-6199.85693359375
1660,-6577.0185546875,-6195.69287109375
1661,-6579.02392578125,-6188.7119140625
1662,-6577.9833984375,-6197.42626953125
1663,-6570.4208984375,-6201.7626953125
1664,-6582.2373046875,-6194.32373046875
1665,-6576.275390625,-6199.03076171875
1666,-6582.6513671875,-6196.33740234375
1667,-6580.47607421875,-6203.02197265625
1668,-6570.35546875,-6195.43115234375
1669,-6581.1845703125,-6189.45263671875
1670,-6586.94921875,-6200.9423828125
1671,-6581.0908203125,-6198.9111328125
1672,-6579.10888671875,-6192.583984375
1673,-6571.7890625,-6200.7294921875
1674,-6582.81640625,-6196.88623046875
1675,-6574.326171875,-6196.53955078125
1676,-6568.384765625,-6194.95166015625
1677,-6563.70361328125,-6192.76513671875
1678,-6577.140625,-6198.763671875
1679,-6593.57861328125,-6196.8740234375
1680,-6572.619140625,-6195.107421875
1681,-6590.52978515625,-6203.2392578125
1682,-6571.720703125,-6194.40087890625
1683,-6571.1376953125,-6200.13427734375
1684,-6558.02197265625,-6197.44384765625
1685,-6574.57080078125,-6192.46044921875
1686,-6578.65625,-6199.91845703125
1687,-6580.037109375,-6196.22265625
1688,-6588.8115234375,-6204.08935546875
1689,-6584.04345703125,-6194.43115234375
1690,-6597.51171875,-6193.91455078125
1691,-6574.4716796875,-6191.1376953125
1692,-6570.64892578125,-6196.375
1693,-6576.68701171875,-6199.24365234375
1694,-6587.4443359375,-6195.20166015625
1695,-6569.7646484375,-6197.291015625
1696,-6590.73828125,-6193.73828125
1697,-6587.87744140625,-6196.916015625
1698,-6593.82763671875,-6202.99658203125
1699,-6559.42529296875,-6192.6552734375
1700,-6583.52587890625,-6197.89697265625
1701,-6572.73828125,-6184.41845703125
1702,-6558.48046875,-6193.22900390625
1703,-6576.65771484375,-6197.56298828125
1704,-6573.2685546875,-6195.5078125
1705,-6571.68408203125,-6197.08349609375
1706,-6584.79931640625,-6205.06298828125
1707,-6579.39892578125,-6190.2998046875
1708,-6570.138671875,-6199.62451171875
1709,-6560.84375,-6195.84814453125
1710,-6580.33349609375,-6195.3427734375
1711,-6568.443359375,-6200.56787109375
1712,-6592.71826171875,-6194.689453125
1713,-6588.02685546875,-6187.7265625
1714,-6574.87890625,-6200.52099609375
1715,-6570.6826171875,-6196.65234375
1716,-6569.76416015625,-6180.1875
1717,-6574.61669921875,-6200.6962890625
1718,-6577.39208984375,-6200.2705078125
1719,-6560.1025390625,-6191.52783203125
1720,-6570.3896484375,-6202.953125
1721,-6587.83642578125,-6198.6279296875
1722,-6584.025390625,-6193.7294921875
1723,-6568.20849609375,-6194.80908203125
1724,-6577.03564453125,-6192.4443359375
1725,-6577.61865234375,-6196.421875
1726,-6576.67724609375,-6196.201171875
1727,-6566.02294921875,-6190.52685546875
1728,-6582.99755859375,-6209.30419921875
1729,-6596.46923828125,-6192.8681640625
1730,-6569.72900390625,-6196.56005859375
1731,-6567.25732421875,-6186.6455078125
1732,-6586.77197265625,-6198.90185546875
1733,-6582.9755859375,-6196.15966796875
1734,-6578.1279296875,-6197.7451171875
1735,-6591.56640625,-6201.11376953125
1736,-6576.8232421875,-6200.64697265625
1737,-6568.89404296875,-6199.2353515625
1738,-6581.32080078125,-6186.08642578125
1739,-6571.74365234375,-6197.22802734375
1740,-6576.11376953125,-6199.8544921875
1741,-6586.88720703125,-6200.119140625
1742,-6576.134765625,-6192.32470703125
1743,-6575.84375,-6199.576171875
1744,-6573.58203125,-6183.79541015625
1745,-6579.49462890625,-6198.3994140625
1746,-6589.7646484375,-6199.041015625
1747,-6582.79443359375,-6196.013671875
1748,-6572.708984375,-6197.18701171875
1749,-6571.09033203125,-6193.20361328125
1750,-6569.029296875,-6191.35302734375
1751,-6581.53125,-6199.3203125
1752,-6585.95703125,-6192.69287109375
1753,-6570.1943359375,-6199.9052734375
1754,-6566.8466796875,-6182.9990234375
1755,-6578.96875,-6200.08935546875
1756,-6589.18212890625,-6194.84228515625
1757,-6576.77294921875,-6201.5771484375
1758,-6581.92138671875,-6192.8212890625
1759,-6579.97509765625,-6192.0673828125
1760,-6568.80615234375,-6199.75390625
1761,-6573.33349609375,-6189.203125
1762,-6577.82666015625,-6197.02197265625
1763,-6590.3994140625,-6201.255859375
1764,-6585.9423828125,-6196.41650390625
1765,-6576.02978515625,-6191.6435546875
1766,-6570.7998046875,-6188.779296875
1767,-6591.46923828125,-6197.328125
1768,-6578.41552734375,-6196.1171875
1769,-6572.5751953125,-6188.2080078125
1770,-6583.06201171875,-6185.61376953125
1771,-6568.55322265625,-6199.6357421875
1772,-6584.20947265625,-6198.240234375
1773,-6582.2685546875,-6191.056640625
1774,-6579.06103515625,-6194.45654296875
1775,-6578.697265625,-6194.994140625
1776,-6589.13623046875,-6190.0498046875
1777,-6581.15185546875,-6195.49755859375
1778,-6580.39453125,-6190.38720703125
1779,-6588.69287109375,-6198.21044921875
1780,-6574.68896484375,-6199.34619140625
1781,-6581.5625,-6196.734375
1782,-6586.20458984375,-6200.29638671875
1783,-6572.0478515625,-6196.623046875
1784,-6580.099609375,-6184.19873046875
1785,-6571.560546875,-6198.85498046875
1786,-6582.884765625,-6190.37841796875
1787,-6570.927734375,-6203.1982421875
1788,-6580.3564453125,-6204.49755859375
1789,-6568.8466796875,-6188.8037109375
1790,-6586.421875,-6192.9013671875
1791,-6577.0009765625,-6197.2626953125
1792,-6581.15966796875,-6194.041015625
1793,-6578.36279296875,-6191.12255859375
1794,-6571.87060546875,-6179.20654296875
1795,-6572.70556640625,-6195.90283203125
1796,-6580.7294921875,-6193.70263671875
1797,-6579.283203125,-6190.75390625
1798,-6582.6005859375,-6192.21728515625
1799,-6579.76025390625,-6196.064453125
1800,-6574.7822265625,-6195.52880859375
1801,-6573.58447265625,-6193.1689453125
1802,-6583.7802734375,-6199.96484375
1803,-6578.43017578125,-6198.76904296875
1804,-6589.95654296875,-6199.44287109375
1805,-6590.16015625,-6195.51220703125
1806,-6587.6181640625,-6194.05322265625
1807,-6595.43896484375,-6199.02734375
1808,-6587.67431640625,-6194.708984375
1809,-6583.55029296875,-6192.529296875
1810,-6591.47314453125,-6190.4521484375
1811,-6571.86279296875,-6197.80078125
1812,-6571.619140625,-6190.00048828125
1813,-6582.03564453125,-6192.595703125
1814,-6580.2392578125,-6199.20263671875
1815,-6576.9853515625,-6194.90283203125
1816,-6576.1044921875,-6201.951171875
1817,-6562.8447265625,-6183.34423828125
1818,-6565.22314453125,-6184.77197265625
1819,-6571.40771484375,-6189.3994140625
1820,-6579.48388671875,-6197.69873046875
1821,-6584.48193359375,-6197.1162109375
1822,-6591.310546875,-6190.54443359375
1823,-6593.7333984375,-6199.9462890625
1824,-6585.650390625,-6191.04052734375
1825,-6591.88818359375,-6197.3759765625
1826,-6582.6162109375,-6194.3857421875
1827,-6573.41455078125,-6193.392578125
1828,-6586.11083984375,-6192.93212890625
1829,-6580.46630859375,-6193.2548828125
1830,-6577.74462890625,-6194.98486328125
1831,-6572.3212890625,-6194.2998046875
1832,-6569.857421875,-6202.23583984375
1833,-6578.39697265625,-6192.373046875
1834,-6582.85986328125,-6196.65771484375
1835,-6598.2666015625,-6187.11962890625
1836,-6576.50341796875,-6199.189453125
1837,-6588.16650390625,-6184.64599609375
1838,-6575.736328125,-6190.25927734375
1839,-6578.81494140625,-6196.318359375
1840,-6594.67236328125,-6196.2490234375
1841,-6586.38720703125,-6196.97900390625
1842,-6585.11083984375,-6198.26708984375
1843,-6576.8662109375,-6187.619140625
1844,-6591.18359375,-6200.60400390625
1845,-6586.6728515625,-6186.22509765625
1846,-6599.83740234375,-6193.966796875
1847,-6600.04736328125,-6200.86279296875
1848,-6591.69873046875,-6190.6015625
1849,-6571.490234375,-6185.67919921875
1850,-6582.20166015625,-6196.83056640625
1851,-6586.5927734375,-6187.98876953125
1852,-6591.18359375,-6201.05126953125
1853,-6576.75537109375,-6186.6552734375
1854,-6586.98876953125,-6198.22119140625
1855,-6597.072265625,-6194.65478515625
1856,-6591.44677734375,-6188.0478515625
1857,-6592.791015625,-6201.20361328125
1858,-6586.32470703125,-6185.4248046875
1859,-6585.77587890625,-6183.451171875
1860,-6587.90673828125,-6198.3994140625
1861,-6588.43701171875,-6197.3046875
1862,-6579.67919921875,-6190.423828125
1863,-6594.0888671875,-6197.73583984375
1864,-6591.3203125,-6193.95166015625
1865,-6559.9033203125,-6193.81494140625
1866,-6568.55029296875,-6170.82177734375
1867,-6588.28515625,-6197.65576171875
1868,-6591.05126953125,-6188.1123046875
1869,-6582.533203125,-6198.380859375
1870,-6574.05859375,-6196.27001953125
1871,-6581.15771484375,-6187.0146484375
1872,-6574.35302734375,-6194.05126953125
1873,-6580.9140625,-6189.4169921875
1874,-6570.138671875,-6201.14306640625
1875,-6583.23828125,-6187.8017578125
1876,-6578.84814453125,-6186.32666015625
1877,-6596.0048828125,-6195.421875
1878,-6583.8544921875,-6191.6884765625
1879,-6582.96142578125,-6194.736328125
1880,-6584.25927734375,-6191.9521484375
1881,-6585.7890625,-6196.107421875
1882,-6577.66259765625,-6187.52783203125
1883,-6577.58447265625,-6189.31005859375
1884,-6577.068359375,-6183.7197265625
1885,-6567.30224609375,-6188.66357421875
1886,-6592.12255859375,-6197.93212890625
1887,-6588.48828125,-6191.75341796875
1888,-6595.3515625,-6185.45556640625
1889,-6589.892578125,-6190.048828125
1890,-6575.951171875,-6193.35498046875
1891,-6586.91259765625,-6190.97802734375
1892,-6578.80615234375,-6198.94677734375
1893,-6575.869140625,-6188.83349609375
1894,-6579.84765625,-6188.6015625
1895,-6584.26806640625,-6199.41650390625
1896,-6577.37841796875,-6196.5234375
1897,-6575.1416015625,-6182.3701171875
1898,-6580.47998046875,-6179.74072265625
1899,-6582.55810546875,-6193.666015625
1900,-6588.68408203125,-6192.84912109375
1901,-6595.4248046875,-6191.2451171875
1902,-6585.65234375,-6196.71435546875
1903,-6587.85888671875,-6194.17626953125
1904,-6583.5390625,-6193.6103515625
1905,-6590.408203125,-6195.46240234375
1906,-6589.751953125,-6200.0009765625
1907,-6586.3818359375,-6188.11328125
1908,-6591.509765625,-6193.294921875
1909,-6589.65087890625,-6188.84423828125
1910,-6586.5927734375,-6189.1826171875
1911,-6584.50927734375,-6185.2578125
1912,-6584.091796875,-6191.96435546875
1913,-6581.45361328125,-6191.04052734375
1914,-6587.69580078125,-6195.90771484375
1915,-6572.1064453125,-6190.9892578125
1916,-6585.50048828125,-6194.59619140625
1917,-6602.1474609375,-6189.57177734375
1918,-6597.30322265625,-6191.4794921875
1919,-6583.869140625,-6194.87158203125
1920,-6589.115234375,-6188.59033203125
1921,-6580.96630859375,-6183.55908203125
1922,-6600.2998046875,-6189.64599609375
1923,-6600.3330078125,-6190.892578125
1924,-6594.2548828125,-6189.62548828125
1925,-6593.43017578125,-6185.40576171875
1926,-6585.00634765625,-6189.91259765625
1927,-6589.107421875,-6187.00927734375
1928,-6591.63232421875,-6198.49169921875
1929,-6584.662109375,-6182.4912109375
1930,-6585.73193359375,-6190.6044921875
1931,-6566.8486328125,-6187.29345703125
1932,-6573.0703125,-6195.3564453125
1933,-6578.4931640625,-6194.060546875
1934,-6576.841796875,-6192.22607421875
1935,-6573.64697265625,-6184.3251953125
1936,-6584.58251953125,-6199.75244140625
1937,-6572.560546875,-6186.6064453125
1938,-6586.5048828125,-6195.51171875
1939,-6602.197265625,-6193.76904296875
1940,-6590.21484375,-6193.546875
1941,-6586.98388671875,-6183.8984375
1942,-6585.390625,-6193.1298828125
1943,-6588.49658203125,-6182.97998046875
1944,-6593.556640625,-6187.3095703125
1945,-6588.15771484375,-6177.88720703125
1946,-6590.71142578125,-6191.97314453125
1947,-6579.85791015625,-6181.388671875
1948,-6585.572265625,-6184.5537109375
1949,-6584.44140625,-6196.72998046875
1950,-6600.59521484375,-6188.83642578125
1951,-6584.69091796875,-6188.576171875
1952,-6592.37158203125,-6192.041015625
1953,-6586.650390625,-6189.90673828125
1954,-6577.56689453125,-6179.6689453125
1955,-6591.67529296875,-6192.80615234375
1956,-6592.16552734375,-6185.81298828125
1957,-6586.044921875,-6190.47900390625
1958,-6588.89111328125,-6192.5634765625
1959,-6591.29248046875,-6188.888671875
1960,-6580.4169921875,-6189.3369140625
1961,-6591.89697265625,-6190.62451171875
1962,-6602.2099609375,-6196.97119140625
1963,-6583.23095703125,-6186.3486328125
1964,-6587.515625,-6188.1513671875
1965,-6582.91357421875,-6192.61083984375
1966,-6570.40771484375,-6178.81787109375
1967,-6579.55029296875,-6194.203125
1968,-6591.0869140625,-6195.12548828125
1969,-6592.0078125,-6187.94384765625
1970,-6583.3740234375,-6192.20947265625
1971,-6586.107421875,-6178.765625
1972,-6584.38525390625,-6195.15087890625
1973,-6580.0224609375,-6185.30712890625
1974,-6584.02783203125,-6193.23291015625
1975,-6593.9755859375,-6180.3173828125
1976,-6588.0244140625,-6195.99365234375
1977,-6589.94189453125,-6173.9921875
1978,-6587.255859375,-6188.94970703125
1979,-6585.6328125,-6189.07470703125
1980,-6586.62939453125,-6182.888671875
1981,-6585.720703125,-6200.595703125
1982,-6590.54833984375,-6185.67529296875
1983,-6584.2080078125,-6192.42626953125
1984,-6579.90234375,-6180.1328125
1985,-6590.3466796875,-6189.36328125
1986,-6583.0341796875,-6192.8076171875
1987,-6591.71142578125,-6195.64208984375
1988,-6577.42431640625,-6187.05712890625
1989,-6577.84912109375,-6188.52197265625
1990,-6594.8896484375,-6193.7734375
1991,-6603.10009765625,-6186.14111328125
1992,-6585.5693359375,-6191.53271484375
1993,-6585.69921875,-6187.77685546875
1994,-6587.78857421875,-6183.90966796875
1995,-6586.7607421875,-6194.41748046875
1996,-6591.9580078125,-6186.34765625
1997,-6582.73681640625,-6196.9130859375
1998,-6588.404296875,-6183.83642578125
1999,-6599.369140625,-6186.47705078125
